<?xml version="1.0" encoding="UTF-8" standalone="no"?><TaskList Version="2.0"><Task Active="false" ConnectorKind="local" CreationDate="2011-06-28 21:25:27.167 EDT" DueDate="" EndDate="" Estimated="0" Handle="local-4" IssueURL="" Kind="task" Label="measure the process for the whole operation. " LastModified="now" MarkReadPending="false" ModificationDate="" Notes="" NotifiedIncoming="true" Owner="local" Priority="P3" Reminded="false" RepositoryUrl="local" ScheduledEndDate="2011-06-29 23:59:59.999 EDT" ScheduledStartDate="2011-06-29 00:00:00.0 EDT" Stale="false" TaskId="4" offlineSyncState="SYNCHRONIZED"/><Task Active="false" ConnectorKind="local" CreationDate="2011-06-28 21:24:31.867 EDT" DueDate="" EndDate="" Estimated="0" Handle="local-3" IssueURL="" Kind="task" Label="measure the time for each module " LastModified="now" MarkReadPending="false" ModificationDate="" Notes="" NotifiedIncoming="true" Owner="local" Priority="P3" Reminded="false" RepositoryUrl="local" ScheduledEndDate="2011-06-29 23:59:59.999 EDT" ScheduledStartDate="2011-06-29 00:00:00.0 EDT" Stale="false" TaskId="3" offlineSyncState="SYNCHRONIZED"/><Task Active="false" ConnectorKind="local" CreationDate="2011-06-28 21:21:32.615 EDT" DueDate="" EndDate="" Estimated="0" Handle="local-2" IssueURL="" Kind="task" Label="measure the PR configuration time" LastModified="now" MarkReadPending="false" ModificationDate="" Notes="Measure configuration time for each module &#10;&#10;" NotifiedIncoming="true" Owner="local" Priority="P3" Reminded="false" RepositoryUrl="local" ScheduledEndDate="2011-06-29 23:59:59.999 EDT" ScheduledStartDate="2011-06-29 00:00:00.0 EDT" Stale="false" TaskId="2" offlineSyncState="SYNCHRONIZED"><SubTask Handle="local-4"/></Task><Task Active="false" ConnectorKind="local" CreationDate="2011-06-28 15:56:18.647 EDT" DueDate="2011-06-28 00:00:00.0 EDT" EndDate="" Estimated="1" Handle="local-1" IssueURL="" Kind="task" Label="finish the clock timers " LastModified="now" MarkReadPending="false" ModificationDate="" Notes="http://localhost/repos/repos" NotifiedIncoming="true" Owner="local" Priority="P2" Reminded="false" RepositoryUrl="local" ScheduledEndDate="2011-06-29 23:59:59.999 EDT" ScheduledStartDate="2011-06-29 00:00:00.0 EDT" Stale="false" TaskId="1" offlineSyncState="SYNCHRONIZED"><SubTask Handle="local-5"/></Task><Task Active="false" ConnectorKind="local" CreationDate="2011-06-28 21:26:15.123 EDT" DueDate="2011-06-28 00:00:00.0 EDT" EndDate="" Estimated="0" Handle="local-5" IssueURL="" Kind="task" Label="Complete the timer functions" LastModified="now" MarkReadPending="false" ModificationDate="" Notes="Create a seperate module for the timer.&#10;should have &#10;&#10;StartTimer()&#10;StopTimer()&#10;ResetTimer()&#10;CalculateTime()" NotifiedIncoming="true" Owner="local" Priority="P3" Reminded="false" RepositoryUrl="local" ScheduledEndDate="2011-06-29 23:59:59.999 EDT" ScheduledStartDate="2011-06-29 00:00:00.0 EDT" Stale="false" TaskId="5" offlineSyncState="SYNCHRONIZED"/><TaskCategory Handle="handle-1" Name="SW_Ph2_2MB_100M_5PRR"><TaskReference Handle="local-1"/><TaskReference Handle="local-2"/><TaskReference Handle="local-3"/></TaskCategory><TaskCategory Handle="Uncategorized" Name="Uncategorized"/></TaskList>