<?xml version="1.0" encoding="UTF-8"?><InteractionHistory Id="local-1" Version="1"><InteractionEvent Delta="null" EndDate="2011-06-28 20:44:45.408 EDT" Interest="18.470001" Kind="propagation" Navigation="org.eclipse.mylyn.core.model.edges.containment" OriginId="org.eclipse.mylyn.core.model.interest.propagation" StartDate="2011-06-28 20:16:12.433 EDT" StructureHandle="" StructureKind="c/c++" NumEvents="7" CreationCount="191"/><InteractionEvent Delta="null" EndDate="2011-06-28 21:18:39.750 EDT" Interest="0.6890001" Kind="manipulation" Navigation="null" OriginId="org.eclipse.mylyn.core.model.interest.decay.correction" StartDate="2011-06-28 21:18:39.750 EDT" StructureHandle="/main_controller_0/src/ICAP_PR.h" StructureKind="resource"/><InteractionEvent Delta="null" EndDate="2011-06-28 21:19:36.514 EDT" Interest="19.0" Kind="propagation" Navigation="null" OriginId="org.eclipse.cdt.ui.editor.CEditor" StartDate="2011-06-28 20:52:51.44 EDT" StructureHandle="/main_controller_0/src/ICAP_PR.h" StructureKind="resource" NumEvents="19" CreationCount="1133"/><InteractionEvent Delta="null" EndDate="2011-06-28 19:42:56.837 EDT" Interest="1.0" Kind="selection" Navigation="null" OriginId="org.eclipse.cdt.ui.editor.CEditor" StartDate="2011-06-28 19:42:56.837 EDT" StructureHandle="=main_controller_0/&amp;lt;src{no_int_main_0.c[IsNodeReady#74(u32" StructureKind="c/c++"/><InteractionEvent Delta="null" EndDate="2011-06-28 19:42:06.44 EDT" Interest="1.0" Kind="edit" Navigation="null" OriginId="org.eclipse.cdt.ui.editor.CEditor" StartDate="2011-06-28 19:42:06.44 EDT" StructureHandle="=main_controller_0/&amp;lt;src{no_int_main_0.c[IsNodeReady#74(u32" StructureKind="c/c++"/><InteractionEvent Delta="null" EndDate="2011-06-28 21:18:54.388 EDT" Interest="2.0" Kind="selection" Navigation="null" OriginId="org.eclipse.cdt.ui.editor.CEditor" StartDate="2011-06-28 20:51:52.120 EDT" StructureHandle="=main_controller_0/&amp;lt;src{ICAP_PR.c[Config#74(struct PRRMOD*(XHwIcap*" StructureKind="c/c++" NumEvents="2" CreationCount="1120"/><InteractionEvent Delta="null" EndDate="2011-06-28 21:18:54.388 EDT" Interest="0.8610003" Kind="manipulation" Navigation="null" OriginId="org.eclipse.mylyn.core.model.interest.decay.correction" StartDate="2011-06-28 21:18:54.388 EDT" StructureHandle="=main_controller_0/&amp;lt;src{ICAP_PR.c[Config#74(struct PRRMOD*(XHwIcap*" StructureKind="c/c++"/><InteractionEvent Delta="null" EndDate="2011-06-28 21:19:25.523 EDT" Interest="4.0" Kind="edit" Navigation="null" OriginId="org.eclipse.cdt.ui.editor.CEditor" StartDate="2011-06-28 20:52:02.653 EDT" StructureHandle="=main_controller_0/&amp;lt;src{ICAP_PR.c[Config#74(struct PRRMOD*(XHwIcap*" StructureKind="c/c++" NumEvents="4" CreationCount="1120"/><InteractionEvent Delta="null" EndDate="2011-06-28 18:04:27.162 EDT" Interest="13.0" Kind="selection" Navigation="null" OriginId="org.eclipse.cdt.ui.editor.CEditor" StartDate="2011-06-28 18:04:25.92 EDT" StructureHandle="=main_controller_0/&amp;lt;src{platform_config.h" StructureKind="c/c++" NumEvents="13" CreationCount="54"/><InteractionEvent Delta="null" EndDate="2011-06-28 20:17:16.763 EDT" Interest="12.0" Kind="edit" Navigation="null" OriginId="org.eclipse.cdt.ui.editor.CEditor" StartDate="2011-06-28 18:04:27.165 EDT" StructureHandle="=main_controller_0/&amp;lt;src{platform_config.h" StructureKind="c/c++" NumEvents="12" CreationCount="54"/><InteractionEvent Delta="null" EndDate="2011-06-28 21:19:25.527 EDT" Interest="23.0" Kind="propagation" Navigation="null" OriginId="org.eclipse.cdt.ui.editor.CEditor" StartDate="2011-06-28 20:42:51.877 EDT" StructureHandle="/main_controller_0/src/ICAP_PR.c" StructureKind="resource" NumEvents="23" CreationCount="1104"/><InteractionEvent Delta="null" EndDate="2011-06-28 20:02:39.426 EDT" Interest="3.0" Kind="selection" Navigation="null" OriginId="org.eclipse.cdt.ui.editor.CEditor" StartDate="2011-06-28 19:37:22.379 EDT" StructureHandle="=main_controller_0/&amp;lt;src{no_int_main_0.c[TimerExpired#76" StructureKind="c/c++" NumEvents="3" CreationCount="15"/><InteractionEvent Delta="null" EndDate="2011-06-28 20:02:39.426 EDT" Interest="2.8110003" Kind="manipulation" Navigation="null" OriginId="org.eclipse.mylyn.core.model.interest.decay.correction" StartDate="2011-06-28 20:02:39.426 EDT" StructureHandle="=main_controller_0/&amp;lt;src{no_int_main_0.c[TimerExpired#76" StructureKind="c/c++"/><InteractionEvent Delta="null" EndDate="2011-06-28 21:20:02.66 EDT" Interest="10.0" Kind="selection" Navigation="null" OriginId="org.eclipse.cdt.ui.editor.CEditor" StartDate="2011-06-28 20:52:25.61 EDT" StructureHandle="=main_controller_0/&amp;lt;src{data.c" StructureKind="c/c++" NumEvents="10" CreationCount="1127"/><InteractionEvent Delta="null" EndDate="2011-06-28 21:20:05.149 EDT" Interest="10.0" Kind="edit" Navigation="null" OriginId="org.eclipse.cdt.ui.editor.CEditor" StartDate="2011-06-28 20:52:25.165 EDT" StructureHandle="=main_controller_0/&amp;lt;src{data.c" StructureKind="c/c++" NumEvents="10" CreationCount="1127"/><InteractionEvent Delta="null" EndDate="2011-06-28 21:21:26.413 EDT" Interest="510.19998" Kind="propagation" Navigation="org.eclipse.mylyn.core.model.edges.containment" OriginId="org.eclipse.mylyn.core.model.interest.propagation" StartDate="2011-06-28 18:04:42.494 EDT" StructureHandle="=main_controller_0/&amp;lt;src" StructureKind="c/c++" NumEvents="706" CreationCount="2"/><InteractionEvent Delta="null" EndDate="2011-06-28 20:17:16.761 EDT" Interest="3.0" Kind="selection" Navigation="null" OriginId="org.eclipse.cdt.ui.editor.CEditor" StartDate="2011-06-28 19:35:51.148 EDT" StructureHandle="=main_controller_0/&amp;lt;src{platform_config.h[TMRCTR_INTERRUPT_ID#79" StructureKind="c/c++" NumEvents="3" CreationCount="180"/><InteractionEvent Delta="null" EndDate="2011-06-28 20:17:16.761 EDT" Interest="6.6870003" Kind="manipulation" Navigation="null" OriginId="org.eclipse.mylyn.core.model.interest.decay.correction" StartDate="2011-06-28 20:17:16.761 EDT" StructureHandle="=main_controller_0/&amp;lt;src{platform_config.h[TMRCTR_INTERRUPT_ID#79" StructureKind="c/c++"/><InteractionEvent Delta="null" EndDate="2011-06-28 20:42:35.595 EDT" Interest="5.976001" Kind="manipulation" Navigation="null" OriginId="org.eclipse.mylyn.core.model.interest.decay.correction" StartDate="2011-06-28 20:42:35.595 EDT" StructureHandle="/MB1_Slave1" StructureKind="resource"/><InteractionEvent Delta="null" EndDate="2011-06-28 20:44:45.408 EDT" Interest="6.0" Kind="propagation" Navigation="null" OriginId="org.eclipse.ui.navigator.ProjectExplorer" StartDate="2011-06-28 20:16:12.433 EDT" StructureHandle="/MB1_Slave1" StructureKind="resource" NumEvents="6" CreationCount="574"/><InteractionEvent Delta="null" EndDate="2011-06-28 19:35:51.151 EDT" Interest="28.0" Kind="propagation" Navigation="null" OriginId="org.eclipse.cdt.ui.editor.CEditor" StartDate="2011-06-28 18:04:34.501 EDT" StructureHandle="/main_controller_0/src/platform_config.h" StructureKind="resource" NumEvents="28" CreationCount="83"/><InteractionEvent Delta="null" EndDate="2011-06-28 19:42:59.664 EDT" Interest="1.0" Kind="selection" Navigation="null" OriginId="org.eclipse.cdt.ui.editor.CEditor" StartDate="2011-06-28 19:42:59.664 EDT" StructureHandle="=main_controller_0/&amp;lt;src{no_int_main_0.c[TmrCtrInstancePtr#76" StructureKind="c/c++"/><InteractionEvent Delta="null" EndDate="2011-06-28 21:20:07.912 EDT" Interest="13.0" Kind="selection" Navigation="null" OriginId="org.eclipse.cdt.ui.editor.CEditor" StartDate="2011-06-28 19:54:32.729 EDT" StructureHandle="=main_controller_0/&amp;lt;src{no_int_main_0.c[main#74" StructureKind="c/c++" NumEvents="13" CreationCount="3"/><InteractionEvent Delta="null" EndDate="2011-06-28 21:21:26.410 EDT" Interest="386.0" Kind="edit" Navigation="null" OriginId="org.eclipse.cdt.ui.editor.CEditor" StartDate="2011-06-28 17:59:40.80 EDT" StructureHandle="=main_controller_0/&amp;lt;src{no_int_main_0.c[main#74" StructureKind="c/c++" NumEvents="386" CreationCount="3"/><InteractionEvent Delta="null" EndDate="2011-06-28 20:34:48.654 EDT" Interest="4.0" Kind="selection" Navigation="null" OriginId="org.eclipse.cdt.ui.editor.CEditor" StartDate="2011-06-28 20:34:44.353 EDT" StructureHandle="=main_controller_0/&amp;lt;src{no_int_main_0.c[RESET_VALUE#79" StructureKind="c/c++" NumEvents="4" CreationCount="165"/><InteractionEvent Delta="null" EndDate="2011-06-28 20:13:31.397 EDT" Interest="1.0" Kind="propagation" Navigation="org.eclipse.mylyn.core.model.edges.containment" OriginId="org.eclipse.mylyn.core.model.interest.propagation" StartDate="2011-06-28 20:13:31.397 EDT" StructureHandle="=hw_platform_0" StructureKind="c/c++"/><InteractionEvent Delta="null" EndDate="2011-06-28 21:20:05.146 EDT" Interest="5.0" Kind="selection" Navigation="null" OriginId="org.eclipse.cdt.ui.editor.CEditor" StartDate="2011-06-28 20:53:05.98 EDT" StructureHandle="=main_controller_0/&amp;lt;src{data.c[dfg1#76" StructureKind="c/c++" NumEvents="5" CreationCount="1139"/><InteractionEvent Delta="null" EndDate="2011-06-28 21:17:28.3 EDT" Interest="1.4170003" Kind="manipulation" Navigation="null" OriginId="org.eclipse.mylyn.core.model.interest.decay.correction" StartDate="2011-06-28 21:17:28.3 EDT" StructureHandle="=main_controller_0/&amp;lt;src{data.c[dfg1#76" StructureKind="c/c++"/><InteractionEvent Delta="null" EndDate="2011-06-28 19:58:31.189 EDT" Interest="4.0" Kind="selection" Navigation="null" OriginId="org.eclipse.cdt.ui.editor.CEditor" StartDate="2011-06-28 20:05:19.879 EDT" StructureHandle="=main_controller_0/&amp;lt;src{no_int_main_0.c[conv_cycles_to_secs#74(u32" StructureKind="c/c++" NumEvents="4" CreationCount="118"/><InteractionEvent Delta="null" EndDate="2011-06-28 20:05:25.448 EDT" Interest="14.0" Kind="edit" Navigation="null" OriginId="org.eclipse.cdt.ui.editor.CEditor" StartDate="2011-06-28 20:05:33.827 EDT" StructureHandle="=main_controller_0/&amp;lt;src{no_int_main_0.c[conv_cycles_to_secs#74(u32" StructureKind="c/c++" NumEvents="14" CreationCount="118"/><InteractionEvent Delta="null" EndDate="2011-06-28 21:20:05.149 EDT" Interest="25.0" Kind="propagation" Navigation="null" OriginId="org.eclipse.cdt.ui.editor.CEditor" StartDate="2011-06-28 20:52:25.61 EDT" StructureHandle="/main_controller_0/src/data.c" StructureKind="resource" NumEvents="25" CreationCount="1127"/><InteractionEvent Delta="null" EndDate="2011-06-28 21:19:27.125 EDT" Interest="6.0" Kind="selection" Navigation="null" OriginId="org.eclipse.cdt.ui.editor.CEditor" StartDate="2011-06-28 20:52:51.44 EDT" StructureHandle="=main_controller_0/&amp;lt;src{ICAP_PR.h" StructureKind="c/c++" NumEvents="6" CreationCount="1133"/><InteractionEvent Delta="null" EndDate="2011-06-28 21:18:39.749 EDT" Interest="0.9720001" Kind="manipulation" Navigation="null" OriginId="org.eclipse.mylyn.core.model.interest.decay.correction" StartDate="2011-06-28 21:18:39.749 EDT" StructureHandle="=main_controller_0/&amp;lt;src{ICAP_PR.h" StructureKind="c/c++"/><InteractionEvent Delta="null" EndDate="2011-06-28 21:19:36.514 EDT" Interest="8.0" Kind="edit" Navigation="null" OriginId="org.eclipse.cdt.ui.editor.CEditor" StartDate="2011-06-28 20:52:51.195 EDT" StructureHandle="=main_controller_0/&amp;lt;src{ICAP_PR.h" StructureKind="c/c++" NumEvents="8" CreationCount="1133"/><InteractionEvent Delta="null" EndDate="2011-06-28 21:21:26.413 EDT" Interest="1258.0" Kind="propagation" Navigation="null" OriginId="org.eclipse.cdt.ui.editor.CEditor" StartDate="2011-06-28 20:09:04.853 EDT" StructureHandle="/main_controller_0/src/no_int_main_0.c" StructureKind="resource" NumEvents="1258" CreationCount="4"/><InteractionEvent Delta="null" EndDate="2011-06-28 19:43:01.328 EDT" Interest="1.0" Kind="selection" Navigation="null" OriginId="org.eclipse.cdt.ui.editor.CEditor" StartDate="2011-06-28 19:43:01.328 EDT" StructureHandle="=main_controller_0/&amp;lt;src{no_int_main_0.c[TmrCtrInstance#76" StructureKind="c/c++"/><InteractionEvent Delta="null" EndDate="2011-06-28 20:05:50.374 EDT" Interest="3.0" Kind="selection" Navigation="null" OriginId="org.eclipse.cdt.ui.editor.CEditor" StartDate="2011-06-28 20:05:47.940 EDT" StructureHandle="=main_controller_0/&amp;lt;src{no_int_main_0.c[conv_cycles_to_secs#73(u32" StructureKind="c/c++" NumEvents="3" CreationCount="183"/><InteractionEvent Delta="null" EndDate="2011-06-28 20:13:31.397 EDT" Interest="1.0" Kind="propagation" Navigation="null" OriginId="org.eclipse.mylyn.resources.ui.interest.updater" StartDate="2011-06-28 20:13:31.397 EDT" StructureHandle="/hw_platform_0" StructureKind="resource"/><InteractionEvent Delta="null" EndDate="2011-06-28 21:21:26.413 EDT" Interest="1352.0" Kind="propagation" Navigation="org.eclipse.mylyn.core.model.edges.containment" OriginId="org.eclipse.mylyn.core.model.interest.propagation" StartDate="2011-06-28 19:31:19.149 EDT" StructureHandle="/" StructureKind="resource" NumEvents="1362" CreationCount="3"/><InteractionEvent Delta="null" EndDate="2011-06-28 21:21:26.414 EDT" Interest="1353.0" Kind="propagation" Navigation="null" OriginId="org.eclipse.cdt.ui.editor.CEditor" StartDate="2011-06-28 19:30:35.755 EDT" StructureHandle="/main_controller_0" StructureKind="resource" NumEvents="1353" CreationCount="0"/><InteractionEvent Delta="null" EndDate="2011-06-28 21:20:09.95 EDT" Interest="26.0" Kind="selection" Navigation="null" OriginId="org.eclipse.ui.navigator.ProjectExplorer" StartDate="2011-06-28 20:23:30.274 EDT" StructureHandle="=main_controller_0" StructureKind="c/c++" NumEvents="26" CreationCount="0"/><InteractionEvent Delta="null" EndDate="2011-06-28 21:21:26.413 EDT" Interest="1326.051" Kind="propagation" Navigation="org.eclipse.mylyn.core.model.edges.containment" OriginId="org.eclipse.mylyn.core.model.interest.propagation" StartDate="2011-06-28 20:04:53.571 EDT" StructureHandle="=main_controller_0" StructureKind="resource" NumEvents="1334" CreationCount="0"/><InteractionEvent Delta="null" EndDate="2011-06-28 21:19:25.468 EDT" Interest="8.0" Kind="selection" Navigation="null" OriginId="org.eclipse.cdt.ui.editor.CEditor" StartDate="2011-06-28 20:42:51.876 EDT" StructureHandle="=main_controller_0/&amp;lt;src{ICAP_PR.c" StructureKind="c/c++" NumEvents="8" CreationCount="1104"/><InteractionEvent Delta="null" EndDate="2011-06-28 21:19:25.526 EDT" Interest="9.0" Kind="edit" Navigation="null" OriginId="org.eclipse.cdt.ui.editor.CEditor" StartDate="2011-06-28 20:42:52.180 EDT" StructureHandle="=main_controller_0/&amp;lt;src{ICAP_PR.c" StructureKind="c/c++" NumEvents="9" CreationCount="1104"/><InteractionEvent Delta="null" EndDate="2011-06-28 21:21:26.413 EDT" Interest="1353.0" Kind="propagation" Navigation="null" OriginId="org.eclipse.cdt.ui.editor.CEditor" StartDate="2011-06-28 19:30:05.386 EDT" StructureHandle="/main_controller_0/src" StructureKind="resource" NumEvents="1353" CreationCount="3"/><InteractionEvent Delta="null" EndDate="2011-06-28 21:19:36.510 EDT" Interest="5.0" Kind="selection" Navigation="null" OriginId="org.eclipse.cdt.ui.editor.CEditor" StartDate="2011-06-28 21:19:30.471 EDT" StructureHandle="=main_controller_0/&amp;lt;src{ICAP_PR.h[PRModules#63" StructureKind="c/c++" NumEvents="5" CreationCount="1365"/><InteractionEvent Delta="null" EndDate="2011-06-28 20:44:45.408 EDT" Interest="6.0" Kind="selection" Navigation="null" OriginId="org.eclipse.ui.navigator.ProjectExplorer" StartDate="2011-06-28 20:15:51.306 EDT" StructureHandle="=MB1_Slave1" StructureKind="c/c++" NumEvents="6" CreationCount="280"/><InteractionEvent Delta="null" EndDate="2011-06-28 20:42:35.595 EDT" Interest="10.957001" Kind="manipulation" Navigation="null" OriginId="org.eclipse.mylyn.core.model.interest.decay.correction" StartDate="2011-06-28 20:42:35.595 EDT" StructureHandle="=MB1_Slave1" StructureKind="c/c++"/><InteractionEvent Delta="null" EndDate="2011-06-28 21:13:24.701 EDT" Interest="3.0" Kind="selection" Navigation="null" OriginId="org.eclipse.cdt.ui.editor.CEditor" StartDate="2011-06-28 20:21:32.284 EDT" StructureHandle="=main_controller_0/&amp;lt;src{no_int_main_0.c[TMR_CTR_NO#79" StructureKind="c/c++" NumEvents="3" CreationCount="367"/><InteractionEvent Delta="null" EndDate="2011-06-28 21:13:24.701 EDT" Interest="13.946001" Kind="manipulation" Navigation="null" OriginId="org.eclipse.mylyn.core.model.interest.decay.correction" StartDate="2011-06-28 21:13:24.701 EDT" StructureHandle="=main_controller_0/&amp;lt;src{no_int_main_0.c[TMR_CTR_NO#79" StructureKind="c/c++"/><InteractionEvent Delta="null" EndDate="2011-06-28 21:21:26.413 EDT" Interest="510.19998" Kind="propagation" Navigation="org.eclipse.mylyn.core.model.edges.containment" OriginId="org.eclipse.mylyn.core.model.interest.propagation" StartDate="2011-06-28 18:09:35.993 EDT" StructureHandle="=main_controller_0/" StructureKind="c/c++" NumEvents="707" CreationCount="2"/><InteractionEvent Delta="null" EndDate="2011-06-28 19:54:36.385 EDT" Interest="7.0" Kind="selection" Navigation="null" OriginId="org.eclipse.cdt.ui.editor.CEditor" StartDate="2011-06-28 20:08:31.80 EDT" StructureHandle="=main_controller_0/&amp;lt;src{no_int_main_0.c[SetupIntrSystem#74(XIntc*(XMbox*(u16(u16" StructureKind="c/c++" NumEvents="7" CreationCount="1"/><InteractionEvent Delta="null" EndDate="2011-06-28 18:11:09.650 EDT" Interest="94.0" Kind="edit" Navigation="null" OriginId="org.eclipse.cdt.ui.editor.CEditor" StartDate="2011-06-28 19:54:56.337 EDT" StructureHandle="=main_controller_0/&amp;lt;src{no_int_main_0.c[SetupIntrSystem#74(XIntc*(XMbox*(u16(u16" StructureKind="c/c++" NumEvents="94" CreationCount="1"/><InteractionEvent Delta="null" EndDate="2011-06-28 20:13:31.397 EDT" Interest="1.0" Kind="prediction" Navigation="null" OriginId="org.eclipse.mylyn.resources.ui.interest.updater" StartDate="2011-06-28 20:13:31.397 EDT" StructureHandle="/hw_platform_0/download.bit" StructureKind="resource"/><InteractionEvent Delta="null" EndDate="2011-06-28 18:09:16.890 EDT" Interest="3.0" Kind="selection" Navigation="null" OriginId="org.eclipse.cdt.ui.editor.CEditor" StartDate="2011-06-28 20:08:46.674 EDT" StructureHandle="=main_controller_0/&amp;lt;src{no_int_main_0.c[TimerCounterHandler#74(void*(u8" StructureKind="c/c++" NumEvents="3" CreationCount="23"/><InteractionEvent Delta="null" EndDate="2011-06-28 20:08:46.674 EDT" Interest="10.699" Kind="manipulation" Navigation="null" OriginId="org.eclipse.mylyn.core.model.interest.decay.correction" StartDate="2011-06-28 19:36:34.482 EDT" StructureHandle="=main_controller_0/&amp;lt;src{no_int_main_0.c[TimerCounterHandler#74(void*(u8" StructureKind="c/c++" NumEvents="2" CreationCount="23"/><InteractionEvent Delta="null" EndDate="2011-06-28 20:09:04.853 EDT" Interest="24.0" Kind="edit" Navigation="null" OriginId="org.eclipse.cdt.ui.editor.CEditor" StartDate="2011-06-28 20:09:21.172 EDT" StructureHandle="=main_controller_0/&amp;lt;src{no_int_main_0.c[TimerCounterHandler#74(void*(u8" StructureKind="c/c++" NumEvents="24" CreationCount="23"/><InteractionEvent Delta="null" EndDate="2011-06-28 21:20:07.834 EDT" Interest="72.0" Kind="selection" Navigation="null" OriginId="org.eclipse.cdt.ui.editor.CEditor" StartDate="2011-06-28 19:36:47.662 EDT" StructureHandle="=main_controller_0/&amp;lt;src{no_int_main_0.c" StructureKind="c/c++" NumEvents="72" CreationCount="2"/><InteractionEvent Delta="null" EndDate="2011-06-28 21:21:26.413 EDT" Interest="626.0" Kind="edit" Navigation="null" OriginId="org.eclipse.cdt.ui.editor.CEditor" StartDate="2011-06-28 19:31:45.216 EDT" StructureHandle="=main_controller_0/&amp;lt;src{no_int_main_0.c" StructureKind="c/c++" NumEvents="626" CreationCount="2"/></InteractionHistory>